{"flutter":{"platforms":{"android":{"default":{"projectId":"sample-firebase-ai-app-67e18","appId":"1:25224739336:android:c7d36ff18268e8dceeefbd","fileOutput":"android/app/google-services.json"}},"ios":{"default":{"projectId":"sample-firebase-ai-app-67e18","appId":"1:25224739336:ios:8231182100dffc52eeefbd","uploadDebugSymbols":false,"fileOutput":"ios/Runner/GoogleService-Info.plist"}},"macos":{"default":{"projectId":"sample-firebase-ai-app-67e18","appId":"1:25224739336:ios:8231182100dffc52eeefbd","uploadDebugSymbols":false,"fileOutput":"macos/Runner/GoogleService-Info.plist"}},"dart":{"lib/firebase_options.dart":{"projectId":"sample-firebase-ai-app-67e18","configurations":{"android":"1:25224739336:android:c7d36ff18268e8dceeefbd","ios":"1:25224739336:ios:8231182100dffc52eeefbd","macos":"1:25224739336:ios:8231182100dffc52eeefbd","web":"1:25224739336:web:618acedcb6ebe4f1eeefbd","windows":"1:25224739336:web:f59fb24b753a2e73eeefbd"}}}}}}